{"captured":272,"duration_s":30,"fps":9.066666666666666,"latency_median_ms":43,"latency_p95_ms":57,"uplink_kbps":1.9560872395833333,"timestamp":1755690061119}
